{"graph_0": {"_type": "graph-file", "path": "media/graph/graph_0_summary_ca8112d2.graph.json", "sha256": "ca8112d2869843ec506f2367c27f53c8b592b86857814136626a8ff88995610a", "size": 6282}, "epoch": 2, "validation_loss": {"DilateLoss": 4.775422027803608}, "unscaled_validation_loss": {"DilateLoss": 1.76062715831386}, "_runtime": 126, "_timestamp": 1621405822, "_step": 5, "loss": 4.6130179671917935}