{"graph_0": {"_type": "graph-file", "path": "media/graph/graph_0_summary_8d510a24.graph.json", "sha256": "8d510a248dbe802d8281938f00989ace64b8bd510869ed673453b0d0b6afc555", "size": 6282}, "epoch": 1, "validation_loss": {"DilateLoss": 5.307234378296607}, "unscaled_validation_loss": {"DilateLoss": 2.2444603602168294}, "_runtime": 81, "_timestamp": 1621426746, "_step": 3, "loss": 4.955336324239181}