{"graph_0": {"_type": "graph-file", "path": "media/graph/graph_0_summary_1615057f.graph.json", "sha256": "1615057f5c272af827af069879f5c7ec8f14f828a7c75d837835a819135dc5c7", "size": 6282}, "epoch": 1, "validation_loss": {"DilateLoss": 5.037292884017258}, "unscaled_validation_loss": {"DilateLoss": 2.1144119831834685}, "_runtime": 205, "_timestamp": 1621431352, "_step": 4, "loss": 5.274781089718059, "test_loss": {"DilateLoss": 5.239034571689452}, "unscaled_test_loss": {"DilateLoss": 0.5738976482809085}}