{"graph_0": {"_type": "graph-file", "path": "media/graph/graph_0_summary_f782200f.graph.json", "sha256": "f782200f3c11ccf6b4ca8e2c21b9411e89a19a7ef5c5700dda6579b6084004ad", "size": 6282}, "epoch": 1, "validation_loss": {"DilateLoss": 4.747718767707275}, "unscaled_validation_loss": {"DilateLoss": 2.9471969900066695}, "_runtime": 84, "_timestamp": 1621411836, "_step": 3, "loss": 4.880452075247037}