{"graph_0": {"_type": "graph-file", "path": "media/graph/graph_0_summary_25280624.graph.json", "sha256": "25280624795b7f1bd1c2f1e1372062a3364203cc3ac796ab4ea18a2907a8129e", "size": 6282}, "epoch": 2, "validation_loss": {"DilateLoss": 4.194045799259059}, "unscaled_validation_loss": {"DilateLoss": 1.7882358898800776}, "_runtime": 124, "_timestamp": 1621418199, "_step": 5, "loss": 4.6889746431577}