{"graph_0": {"_type": "graph-file", "path": "media/graph/graph_0_summary_472d135c.graph.json", "sha256": "472d135c2db94135d3636d3b8929a5773e016f2e975eb0918575db3c93df8454", "size": 6282}, "epoch": 0, "validation_loss": {"DilateLoss": 4.882006182654461}, "unscaled_validation_loss": {"DilateLoss": 1.850252784813816}, "_runtime": 47, "_timestamp": 1621426055, "_step": 1, "loss": 7.639686689538471}