{"graph_0": {"_type": "graph-file", "path": "media/graph/graph_0_summary_282508f1.graph.json", "sha256": "282508f1ecb61c30caa5490b383b82f91b370cb16ed7cff78518cba124343ab3", "size": 6282}, "epoch": 0, "validation_loss": {"DilateLoss": 4.570347277077573}, "unscaled_validation_loss": {"DilateLoss": 1.632634484635395}, "_runtime": 94, "_timestamp": 1621411221, "_step": 1, "loss": 6.75577564764831}