{"graph_0": {"_type": "graph-file", "path": "media/graph/graph_0_summary_4e3ea962.graph.json", "sha256": "4e3ea962e0fb68e2dc419108c5be09bf5f07dc6b2db4c280a333a6a82542c624", "size": 6282}, "epoch": 1, "validation_loss": {"DilateLoss": 4.613477905572124}, "unscaled_validation_loss": {"DilateLoss": 1.9519540611069348}, "_runtime": 189, "_timestamp": 1621430657, "_step": 4, "loss": 4.849711054462498, "test_loss": {"DilateLoss": 4.573861755145328}, "unscaled_test_loss": {"DilateLoss": 0.5197900185609915}}