{"graph_0": {"_type": "graph-file", "path": "media/graph/graph_0_summary_c34f402b.graph.json", "sha256": "c34f402b40c833a2b4c38ec648d6d6b2a62946b10f5d7a3e36f739e8a3667f36", "size": 6282}, "epoch": 1, "validation_loss": {"DilateLoss": 5.484451812958015}, "unscaled_validation_loss": {"DilateLoss": 3.27991146508941}, "_runtime": 86, "_timestamp": 1621436313, "_step": 3, "loss": 5.155914753170337}