{"graph_0": {"_type": "graph-file", "path": "media/graph/graph_0_summary_aa812c4c.graph.json", "sha256": "aa812c4c3a53797ac432e6b2be6e2d7a559ec1904e4fdf724f97f9de9716dde4", "size": 6282}, "epoch": 1, "validation_loss": {"DilateLoss": 5.180290160402691}, "unscaled_validation_loss": {"DilateLoss": 2.594013406724501}, "_runtime": 195, "_timestamp": 1621428085, "_step": 4, "loss": 5.088923331034386, "test_loss": {"DilateLoss": 5.091735600985081}, "unscaled_test_loss": {"DilateLoss": 0.4827816380035729}}