{"graph_0": {"_type": "graph-file", "path": "media/graph/graph_0_summary_84e55e1a.graph.json", "sha256": "84e55e1a4d98f471a74bedf20a66436c86d55c4ae7cd3b6a0d49318fba31ef10", "size": 6282}, "epoch": 1, "validation_loss": {"DilateLoss": 5.338145582153925}, "unscaled_validation_loss": {"DilateLoss": 2.827314361101651}, "_runtime": 188, "_timestamp": 1621430343, "_step": 4, "loss": 5.2795912310228506, "test_loss": {"DilateLoss": 5.234646392611243}, "unscaled_test_loss": {"DilateLoss": 0.758850724833197}}