{"graph_0": {"_type": "graph-file", "path": "media/graph/graph_0_summary_b2afeec7.graph.json", "sha256": "b2afeec75670cf5a53c6b10c138303be0fbac654224c887ba5aef7083174419f", "size": 6282}, "epoch": 1, "validation_loss": {"DilateLoss": 4.350335487367566}, "unscaled_validation_loss": {"DilateLoss": 2.3271581823552734}, "_runtime": 81, "_timestamp": 1621406581, "_step": 3, "loss": 4.716537782701395}